date,pnl
2016-10-03,0
2016-10-04,0
2016-10-05,0
2016-10-06,0
2016-10-07,0
2016-10-10,0
2016-10-13,0
2016-10-14,0
2016-10-17,0
2016-10-18,0
2016-10-19,0
2016-10-20,0
2016-10-21,0
2016-10-24,0
2016-10-25,0
2016-10-26,0
2016-10-27,0
2016-10-28,0
2016-11-01,0
2016-11-02,0
2016-11-03,0
2016-11-04,0
2016-11-07,0
2016-11-08,0
2016-11-09,0
2016-11-10,0
2016-11-11,0
2016-11-15,0
2016-11-16,0
2016-11-17,0
2016-11-18,0
2016-11-21,0
2016-11-22,0
2016-11-23,0
2016-11-24,0
2016-11-25,0
2016-11-28,0
2016-11-29,0
2016-11-30,0
2016-12-01,0
2016-12-02,0
2016-12-05,0
2016-12-06,0
2016-12-07,0
2016-12-08,0
2016-12-09,0
2016-12-12,0
2016-12-13,0
2016-12-14,0
2016-12-15,0
2016-12-16,0
2016-12-19,0
2016-12-20,0
2016-12-21,0
2016-12-22,0
2016-12-23,0
2016-12-26,0
2016-12-27,0
2016-12-28,0
2016-12-29,0
2016-12-30,0
2017-01-02,0
2017-01-03,0
2017-01-04,0
2017-01-05,0
2017-01-06,0
2017-01-09,0
2017-01-10,0
2017-01-11,0
2017-01-12,0
2017-01-13,0
2017-01-16,0
2017-01-17,0
2017-01-18,0
2017-01-19,0
2017-01-20,0
2017-01-23,0
2017-01-24,0
2017-01-25,0
2017-01-27,0
2017-01-30,0
2017-01-31,0
2017-02-01,0
2017-02-02,0
2017-02-03,0
2017-02-06,0
2017-02-07,0
2017-02-08,0
2017-02-09,0
2017-02-10,0
2017-02-13,0
2017-02-14,0
2017-02-15,0
2017-02-16,0
2017-02-17,0
2017-02-20,0
2017-02-21,0
2017-02-22,0
2017-02-23,0
2017-02-27,0
2017-02-28,0
2017-03-01,0
2017-03-02,0
2017-03-03,0
2017-03-06,0
2017-03-07,0
2017-03-08,0
2017-03-09,0
2017-03-10,0
2017-03-14,0
2017-03-15,0
2017-03-16,0
2017-03-17,0
2017-03-20,0
2017-03-21,0
2017-03-22,0
2017-03-23,0
2017-03-24,0
2017-03-27,0
2017-03-28,0
2017-03-29,0
2017-03-30,0
2017-03-31,0
2017-04-03,0
2017-04-05,0
2017-04-06,0
2017-04-07,0
2017-04-10,0
2017-04-11,0
2017-04-12,0
2017-04-13,0
2017-04-17,0
2017-04-18,0
2017-04-19,0
2017-04-20,0
2017-04-21,0
2017-04-24,0
2017-04-25,0
2017-04-26,0
2017-04-27,0
2017-04-28,0
2017-05-02,0
2017-05-03,0
2017-05-04,0
2017-05-05,0
2017-05-08,0
2017-05-09,0
2017-05-10,0
2017-05-11,0
2017-05-12,0
2017-05-15,0
2017-05-16,0
2017-05-17,0
2017-05-18,0
2017-05-19,0
2017-05-22,0
2017-05-23,0
2017-05-24,0
2017-05-25,0
2017-05-26,0
2017-05-29,0
2017-05-30,0
2017-05-31,0
2017-06-01,0
2017-06-02,0
2017-06-05,0
2017-06-06,0
2017-06-07,0
2017-06-08,0
2017-06-09,0
2017-06-12,0
2017-06-13,0
2017-06-14,0
2017-06-15,0
2017-06-16,0
2017-06-19,0
2017-06-20,0
2017-06-21,0
2017-06-22,0
2017-06-23,0
2017-06-27,0
2017-06-28,0
2017-06-29,0
2017-06-30,0
2017-07-03,0
2017-07-04,0
2017-07-05,0
2017-07-06,0
2017-07-07,0
2017-07-10,0
2017-07-11,0
2017-07-12,0
2017-07-13,0
2017-07-14,0
2017-07-17,0
2017-07-18,0
2017-07-19,0
2017-07-20,0
2017-07-21,0
2017-07-24,0
2017-07-25,0
2017-07-26,0
2017-07-27,0
2017-07-28,0
2017-07-31,0
2017-08-01,0
2017-08-02,0
2017-08-03,0
2017-08-04,0
2017-08-07,0
2017-08-08,0
2017-08-09,0
2017-08-10,0
2017-08-11,0
2017-08-14,0
2017-08-16,0
2017-08-17,0
2017-08-18,0
2017-08-21,0
2017-08-22,0
2017-08-23,0
2017-08-24,0
2017-08-28,0
2017-08-29,0
2017-08-30,0
2017-08-31,0
2017-09-01,0
2017-09-04,0
2017-09-05,0
2017-09-06,0
2017-09-07,0
2017-09-08,0
2017-09-11,0
2017-09-12,0
2017-09-13,0
2017-09-14,0
2017-09-15,0
2017-09-18,0
2017-09-19,0
2017-09-20,0
2017-09-21,0
2017-09-22,0
2017-09-25,0
2017-09-26,0
2017-09-27,0
2017-09-28,0
2017-09-29,0
2017-10-03,0
2017-10-04,0
2017-10-05,0
2017-10-06,0
2017-10-09,0
2017-10-10,0
2017-10-11,0
2017-10-12,0
2017-10-13,0
2017-10-16,0
2017-10-17,0
2017-10-18,0
2017-10-23,0
2017-10-24,0
2017-10-25,0
2017-10-26,0
2017-10-27,0
2017-10-30,0
2017-10-31,0
2017-11-01,0
2017-11-02,0
2017-11-03,0
2017-11-06,0
2017-11-07,0
2017-11-08,0
2017-11-09,0
2017-11-10,0
2017-11-13,0
2017-11-14,-1004.93115000000000000000000
2017-11-15,-2281.35000000000000000000000
2017-11-16,2292.60000000000000000000000
2017-11-17,382.34999999999999999999999
2017-11-20,833.85000000000000000000001
2017-11-21,-1898.15000000000000000000000
2017-11-22,405.49999999999999999999999
2017-11-23,-541.45000000000000000000000
2017-11-24,-446.80000000000000000000000
2017-11-27,-366.50000000000000000000000
2017-11-28,-390.50000000000000000000000
2017-11-29,583.45240000000000000000000
2017-11-30,439.30000000000000000000001
2017-12-01,-1344.15000000000000000000001
2017-12-04,-997.70000000000000000000000
2017-12-05,196.50490000000000000000000
2017-12-06,-592.95000000000000000000000
2017-12-07,2022.00000000000000000000000
2017-12-08,477.45000000000000000000000
2017-12-11,228.15000000000000000000001
2017-12-12,-1443.10000000000000000000001
2017-12-13,-1084.19999999999999999999999
2017-12-14,-727.60000000000000000000001
2017-12-15,2776.05000000000000000000000
2017-12-18,2142.70000000000000000000001
2017-12-19,1603.25000000000000000000000
2017-12-20,1385.4500000000000000000000
2017-12-21,2723.8000000000000000000000
2017-12-22,468.8500000000000000000000
2017-12-26,1168.3000000000000000000000
2017-12-27,-530.9812000000000000000000
2017-12-28,686.0000000000000000000000
2017-12-29,1261.2000000000000000000000
2018-01-01,-1444.2500000000000000000000
2018-01-02,-2279.3856000000000000000000
2018-01-03,3293.8500000000000000000000
2018-01-04,4479.6500000000000000000000
2018-01-05,-642.9500000000000000000000
2018-01-08,2449.7500000000000000000000
2018-01-09,565.6247000000000000000000
2018-01-10,1176.3500000000000000000000
2018-01-11,1518.3500000000000000000000
2018-01-12,-322.7500000000000000000000
2018-01-15,615.6500000000000000000000
2018-01-16,-1338.3500000000000000000000
2018-01-17,1205.2500000000000000000000
2018-01-18,-3135.4500000000000000000000
2018-01-19,458.1000000000000000000000
2018-01-22,748.1500000000000000000000
2018-01-23,3920.2500000000000000000000
2018-01-24,-2170.9000000000000000000000
2018-01-25,-97.6500000000000000000000
2018-01-29,-1771.8500000000000000000000
2018-01-30,-416.1000000000000000000000
2018-01-31,-1419.9000000000000000000000
2018-02-01,-82.7500000000000000000000
2018-02-02,-5540.2000000000000000000000
2018-02-05,567.0192000000000000000000
2018-02-06,-645.5310000000000000000000
2018-02-07,1856.3500000000000000000000
2018-02-08,2578.2000000000000000000000
2018-02-09,332.8500000000000000000000
2018-02-12,1085.8000000000000000000000
2018-02-14,-1192.2000000000000000000000
2018-02-15,-1203.0500000000000000000000
2018-02-16,-2140.5000000000000000000000
2018-02-19,-1629.4500000000000000000000
2018-02-20,561.3000000000000000000000
2018-02-21,10.7500000000000000000000
2018-02-22,803.4500000000000000000000
2018-02-23,1999.6000000000000000000000
2018-02-26,1553.5500000000000000000000
2018-02-27,-1709.9500000000000000000000
2018-02-28,-814.4500000000000000000000
2018-03-01,-723.0500000000000000000000
2018-03-05,-2035.5500000000000000000000
2018-03-06,-1889.0000000000000000000000
2018-03-07,-2473.3500000000000000000000
2018-03-08,413.2500000000000000000000
2018-03-09,-1179.8000000000000000000000
2018-03-12,1239.0000000000000000000000
2018-03-13,1198.3500000000000000000000
2018-03-14,77.9500000000000000000000
2018-03-15,564.1500000000000000000000
2018-03-16,-196.9500000000000000000000
2018-03-19,-1880.9500000000000000000000
2018-03-20,-1413.0300000000000000000000
2018-03-21,0E-22
2018-03-22,0E-22
2018-03-23,0E-22
2018-03-26,0E-22
2018-03-27,0E-22
2018-03-28,0E-22
2018-04-02,0E-22
2018-04-03,1075.3528000000000000000000
2018-04-04,-3527.3900000000000000000000
2018-04-05,884.3339700000000000000000
2018-04-06,0E-22
2018-04-09,0E-22
2018-04-10,-331.7093100000000000000000
2018-04-11,300.2200000000000000000000
2018-04-12,96.9000000000000000000000
2018-04-13,1092.3400000000000000000000
2018-04-16,363.6800000000000000000000
2018-04-17,206.3200000000000000000000
2018-04-18,-937.8600000000000000000000
2018-04-19,384.7400000000000000000000
2018-04-20,1037.1700000000000000000000
2018-04-23,2748.6400000000000000000000
2018-04-24,-1575.8460000000000000000000
2018-04-25,4088.3700000000000000000000
2018-04-26,974.8800000000000000000000
2018-04-27,-1189.3300000000000000000000
2018-04-30,1434.9400000000000000000000
2018-05-02,-2898.0366000000000000000000
2018-05-03,-1646.0200000000000000000000
2018-05-04,-989.5400000000000000000000
2018-05-07,271.6400000000000000000000
2018-05-08,751.7300000000000000000000
2018-05-09,437.5500000000000000000000
2018-05-10,360.5300000000000000000000
2018-05-11,172.0800000000000000000000
2018-05-14,-1338.6200000000000000000000
2018-05-15,-1418.5200000000000000000000
2018-05-16,221.5580000000000000000000
2018-05-17,-680.9800000000000000000000
2018-05-18,-1930.6200000000000000000000
2018-05-21,-1317.76999999999999999999999
2018-05-22,-672.95070000000000000000000
2018-05-23,481.76000000000000000000000
2018-05-24,2419.26999999999999999999999
2018-05-25,2223.5600000000000000000000
2018-05-28,-76.3800000000000000000000
2018-05-29,469.0800000000000000000000
2018-05-30,-628.6300000000000000000000
2018-05-31,868.1600000000000000000000
2018-06-01,-1389.7900000000000000000000
2018-06-04,-997.1800000000000000000000
2018-06-05,-3546.66999999999999999999999
2018-06-06,1661.55790000000000000000000
2018-06-07,2904.67999999999999999999999
2018-06-08,-641.1300000000000000000000
2018-06-11,1225.8600000000000000000000
2018-06-12,1456.9544500000000000000000
2018-06-13,-428.8000000000000000000000
2018-06-14,337.6300000000000000000000
2018-06-15,639.7500000000000000000000
2018-06-18,-827.0600000000000000000000
2018-06-19,-1228.3121000000000000000000
2018-06-20,534.1200000000000000000000
2018-06-21,-156.1000000000000000000000
2018-06-22,-11.3800000000000000000000
2018-06-25,-1005.2600000000000000000000
2018-06-26,-397.6700000000000000000000
2018-06-27,145.8400000000000000000000
2018-06-28,-2916.43999999999999999999999
2018-06-29,3334.36999999999999999999999
2018-07-02,-502.1200000000000000000000
2018-07-03,-217.5415500000000000000000
2018-07-04,-185.3800000000000000000000
2018-07-05,-1258.5700000000000000000000
2018-07-06,264.5700000000000000000000
2018-07-09,853.3400000000000000000000
2018-07-10,1718.7900000000000000000000
2018-07-11,1026.7200000000000000000000
2018-07-12,1255.8400000000000000000000
2018-07-13,1246.4200000000000000000000
2018-07-16,-842.1500000000000000000000
2018-07-17,559.2725000000000000000000
2018-07-18,-1216.8500000000000000000000
2018-07-19,-2558.3600000000000000000000
2018-07-20,515.9100000000000000000000
2018-07-23,436.7300000000000000000000
2018-07-24,4850.8675000000000000000000
2018-07-25,698.2600000000000000000000
2018-07-26,-553.4600000000000000000000
2018-07-27,1066.2000000000000000000000
2018-07-30,-686.4400000000000000000000
2018-07-31,2286.0200000000000000000000
2018-08-01,178.9000000000000000000000
2018-08-02,-1556.9200000000000000000000
2018-08-03,660.5900000000000000000000
2018-08-06,818.9800000000000000000000
2018-08-07,-470.0400000000000000000000
2018-08-08,495.4000000000000000000000
2018-08-09,-940.3000000000000000000000
2018-08-10,-1320.1300000000000000000000
2018-08-13,146.6200000000000000000000
2018-08-14,2415.0334900000000000000000
2018-08-16,158.1700000000000000000000
2018-08-17,1597.1200000000000000000000
2018-08-20,163.7700000000000000000000
2018-08-21,1568.4000000000000000000000
2018-08-23,-304.1400000000000000000000
2018-08-24,-444.3400000000000000000000
2018-08-27,1124.5400000000000000000000
2018-08-28,-506.1700000000000000000000
2018-08-29,-630.9800000000000000000000
2018-08-30,321.3200000000000000000000
2018-08-31,718.0500000000000000000000
2018-09-03,-2116.6600000000000000000000
2018-09-04,342.3972000000000000000000
2018-09-05,-767.6500000000000000000000
2018-09-06,485.1300000000000000000000
2018-09-07,1538.4500000000000000000000
2018-09-10,-605.5000000000000000000000
2018-09-11,-2650.1500000000000000000000
2018-09-12,-507.4100000000000000000000
2018-09-14,149.0000000000000000000000
2018-09-17,263.4100000000000000000000
2018-09-18,-876.0600000000000000000000
2018-09-19,-1141.6700000000000000000000
2018-09-21,-2066.6400000000000000000000
2018-09-24,331.8300000000000000000000
2018-09-25,-446.7200000000000000000000
2018-09-26,-1011.0500000000000000000000
2018-09-27,-1756.9300000000000000000000
2018-09-28,498.1300000000000000000000
2018-10-01,948.3300000000000000000000
2018-10-03,101.9931400000000000000000
2018-10-04,-2036.8800000000000000000000
2018-10-05,-1357.2305500000000000000000
2018-10-08,0E-22
2018-10-09,0E-22
2018-10-10,0E-22
2018-10-11,0E-22
2018-10-12,0E-22
2018-10-15,0E-22
2018-10-16,0E-22
2018-10-17,0E-22
2018-10-19,0E-22
2018-10-22,0E-22
2018-10-23,0E-22
2018-10-24,0E-22
2018-10-25,0E-22
2018-10-26,0E-22
2018-10-29,0E-22
2018-10-30,0E-22
2018-10-31,0E-22
2018-11-01,0E-22
2018-11-02,0E-22
2018-11-05,0E-22
2018-11-06,0E-22
2018-11-09,0E-22
2018-11-12,0E-22
2018-11-13,0E-22
2018-11-14,0E-22
2018-11-15,0E-22
2018-11-16,0E-22
2018-11-19,0E-22
2018-11-20,-2171.3467900000000000000000
2018-11-21,105.0656800000000000000000
2018-11-22,0E-22
2018-11-26,0E-22
2018-11-27,0E-22
2018-11-28,0E-22
2018-11-29,0E-22
2018-11-30,0E-22
2018-12-03,0E-22
2018-12-04,68.1978500000000000000000
2018-12-05,-913.3500000000000000000000
2018-12-06,-2917.9000000000000000000000
2018-12-07,261.7754000000000000000000
2018-12-10,0E-22
2018-12-11,0E-22
2018-12-12,0E-22
2018-12-13,0E-22
2018-12-14,0E-22
2018-12-17,0E-22
2018-12-18,-1565.5832600000000000000000
2018-12-19,229.4400000000000000000000
2018-12-20,200.8000000000000000000000
2018-12-21,-531.8700000000000000000000
2018-12-24,-192.4067900000000000000000
2018-12-26,0E-22
2018-12-27,0E-22
2018-12-28,0E-22
2018-12-31,0E-22
2019-01-01,-211.46257000000000000000000
2019-01-02,-689.72000000000000000000000
2019-01-03,-1333.41000000000000000000000
2019-01-04,-411.81198000000000000000001
2019-01-07,0E-23
2019-01-08,0E-23
2019-01-09,0E-23
2019-01-10,0E-23
2019-01-11,0E-23
2019-01-14,0E-23
2019-01-15,0E-23
2019-01-16,0E-23
2019-01-17,0E-23
2019-01-18,0E-23
2019-01-21,0E-23
2019-01-22,646.29604000000000000000000
2019-01-23,-719.35000000000000000000000
2019-01-24,349.59000000000000000000000
2019-01-25,-1375.40000000000000000000000
2019-01-28,-59.82234000000000000000000
2019-01-29,0E-23
2019-01-30,0E-23
2019-01-31,0E-23
2019-02-01,0E-23
2019-02-04,0E-23
2019-02-05,1171.81198000000000000000000
2019-02-06,410.36000000000000000000000
2019-02-07,451.23000000000000000000000
2019-02-08,-569.00000000000000000000000
2019-02-11,-1684.87000000000000000000000
2019-02-12,-763.04000000000000000000000
2019-02-13,-432.17752000000000000000000
2019-02-14,0E-23
2019-02-15,0E-23
2019-02-18,0E-23
2019-02-19,0E-23
2019-02-20,0E-23
2019-02-21,0E-23
2019-02-22,0E-23
2019-02-25,0E-23
2019-02-26,203.43956000000000000000000
2019-02-27,114.98720000000000000000000
2019-02-28,0E-23
2019-03-01,0E-23
2019-03-05,0E-23
2019-03-06,-746.75834000000000000000000
2019-03-07,-528.17000000000000000000000
2019-03-08,144.69000000000000000000000
2019-03-11,680.08000000000000000000000
2019-03-12,-384.06745000000000000000000
2019-03-13,733.98000000000000000000000
2019-03-14,226.26000000000000000000000
2019-03-15,-339.88000000000000000000000
2019-03-18,-262.23000000000000000000000
2019-03-19,1277.10000000000000000000000
2019-03-20,-624.08000000000000000000000
2019-03-22,-230.93000000000000000000000
2019-03-25,312.38000000000000000000000
2019-03-26,766.12729000000000000000000
2019-03-27,521.79000000000000000000000
2019-03-28,891.65000000000000000000000
2019-03-29,627.67000000000000000000000
2019-04-01,681.28000000000000000000000
2019-04-02,96.67000000000000000000000
2019-04-03,-578.69000000000000000000000
2019-04-04,-41.34000000000000000000000
2019-04-05,1017.00000000000000000000000
2019-04-08,-1377.02000000000000000000000
2019-04-09,197.69000000000000000000000
2019-04-10,-76.84000000000000000000000
2019-04-11,329.76000000000000000000000
2019-04-12,462.48000000000000000000000
2019-04-15,-130.12000000000000000000000
2019-04-16,618.15000000000000000000000
2019-04-18,149.78000000000000000000000
2019-04-22,-923.44000000000000000000000
2019-04-23,-213.00490000000000000000000
2019-04-24,902.05000000000000000000000
2019-04-25,-640.14000000000000000000000
2019-04-26,893.43000000000000000000000
2019-04-30,14.86000000000000000000000
2019-05-02,-774.41000000000000000000000
2019-05-03,-470.32000000000000000000000
2019-05-06,-1072.86000000000000000000000
2019-05-07,-2020.12920000000000000000000
2019-05-08,-1280.38000000000000000000000
2019-05-09,-311.97000000000000000000000
2019-05-10,250.93000000000000000000000
2019-05-13,-1696.25000000000000000000000
2019-05-14,1147.67000000000000000000000
2019-05-15,-290.28000000000000000000000
2019-05-16,1703.98000000000000000000000
2019-05-17,1184.50000000000000000000000
2019-05-20,7315.40000000000000000000000
2019-05-21,222.84360000000000000000000
2019-05-22,-15.41000000000000000000000
2019-05-23,-188.99000000000000000000000
2019-05-24,2017.03000000000000000000001
2019-05-27,-2281.41275000000000000000001
2019-05-28,188.23708000000000000000000
2019-05-29,384.35000000000000000000000
2019-05-30,2110.00000000000000000000001
2019-05-31,-1074.5500000000000000000000
2019-06-03,2890.3900000000000000000000
2019-06-04,-1022.0092500000000000000000
2019-06-06,-783.0200000000000000000000
2019-06-07,402.8800000000000000000000
2019-06-10,83.0600000000000000000000
2019-06-11,-24.7600000000000000000000
2019-06-12,-1167.7300000000000000000000
2019-06-13,395.2900000000000000000000
2019-06-14,-990.7200000000000000000000
2019-06-17,-691.13000000000000000000001
2019-06-18,-673.27000000000000000000000
2019-06-19,-976.14000000000000000000000
2019-06-20,1957.62000000000000000000000
2019-06-21,239.20000000000000000000000
2019-06-24,-106.38000000000000000000000
2019-06-25,1220.04000000000000000000001
2019-06-26,752.1000000000000000000000
2019-06-27,457.6900000000000000000000
2019-06-28,1119.4400000000000000000000
2019-07-01,-11.6800000000000000000000
2019-07-02,946.0817100000000000000000
2019-07-03,-267.5600000000000000000000
2019-07-04,137.9200000000000000000000
2019-07-05,-1902.5300000000000000000000
2019-07-08,-2989.73000000000000000000001
2019-07-09,748.56000000000000000000000
2019-07-10,-1826.63000000000000000000000
2019-07-11,1058.55923000000000000000000
2019-07-12,-2160.73000000000000000000000
2019-07-15,442.11000000000000000000000
2019-07-16,1042.42078000000000000000000
2019-07-17,-542.62000000000000000000000
2019-07-18,-1325.16000000000000000000000
2019-07-19,-2659.26000000000000000000000
2019-07-22,-12.88000000000000000000000
2019-07-23,-10.17850000000000000000000
2019-07-24,-1926.41000000000000000000000
2019-07-25,615.69000000000000000000000
2019-07-26,2115.58000000000000000000000
2019-07-29,-574.54000000000000000000000
2019-07-30,-856.33505000000000000000000
2019-07-31,-478.89759000000000000000000
2019-08-01,0E-23
2019-08-02,0E-23
2019-08-05,0E-23
2019-08-06,0E-23
2019-08-07,0E-23
2019-08-08,0E-23
2019-08-09,0E-23
2019-08-13,0E-23
2019-08-14,0E-23
2019-08-16,0E-23
2019-08-19,0E-23
2019-08-20,0E-23
2019-08-21,0E-23
2019-08-22,0E-23
2019-08-23,0E-23
2019-08-26,0E-23
2019-08-27,0E-23
2019-08-28,0E-23
2019-08-29,0E-23
2019-08-30,0E-23
2019-09-03,0E-23
2019-09-04,0E-23
2019-09-05,0E-23
2019-09-06,0E-23
2019-09-09,0E-23
2019-09-11,0E-23
2019-09-12,0E-23
2019-09-13,0E-23
2019-09-16,0E-23
2019-09-17,0E-23
2019-09-18,0E-23
2019-09-19,0E-23
2019-09-20,0E-23
2019-09-23,0E-23
2019-09-24,311.30180000000000000000000
2019-09-25,-1878.61000000000000000000000
2019-09-26,265.96000000000000000000000
2019-09-27,787.80000000000000000000000
2019-09-30,-812.27000000000000000000000
2019-10-01,-913.16000000000000000000000
2019-10-03,1044.20000000000000000000000
2019-10-04,410.99000000000000000000000
2019-10-07,-539.38191000000000000000000
2019-10-09,0E-23
2019-10-10,0E-23
2019-10-11,0E-23
2019-10-14,0E-23
2019-10-15,-404.92900000000000000000000
2019-10-16,-940.81000000000000000000000
2019-10-17,1090.50000000000000000000000
2019-10-18,1312.14000000000000000000000
2019-10-22,2635.04000000000000000000000
2019-10-23,1495.43000000000000000000000
2019-10-24,815.37000000000000000000000
2019-10-25,-1770.06000000000000000000000
2019-10-29,2530.70000000000000000000000
2019-10-30,-676.39400000000000000000000
2019-10-31,1312.62000000000000000000000
2019-11-01,-392.33000000000000000000000
2019-11-04,154.71000000000000000000000
2019-11-05,1057.24000000000000000000000
2019-11-06,-296.32000000000000000000000
2019-11-07,1236.88000000000000000000001
2019-11-08,524.6400000000000000000000
2019-11-11,1185.0300000000000000000000
2019-11-13,283.6116800000000000000000
2019-11-14,1962.1300000000000000000000
2019-11-15,-1403.7600000000000000000000
2019-11-18,-556.0200000000000000000000
2019-11-19,1363.5400000000000000000000
2019-11-20,-565.0200000000000000000000
2019-11-21,336.4500000000000000000000
2019-11-22,-1643.6600000000000000000000
2019-11-25,-536.0155200000000000000000
2019-11-26,-357.7565000000000000000000
2019-11-27,3700.9100000000000000000000
2019-11-28,1176.4500000000000000000000
2019-11-29,-387.7700000000000000000000
2019-12-02,-2199.4600000000000000000000
2019-12-03,-1440.3600000000000000000000
2019-12-04,466.9800000000000000000000
2019-12-05,-175.9400000000000000000000
2019-12-06,-823.4700000000000000000000
2019-12-09,-1993.33000000000000000000001
2019-12-10,-338.45000000000000000000000
2019-12-11,2815.01000000000000000000001
2019-12-12,299.7800000000000000000000
2019-12-13,978.2800000000000000000000
2019-12-16,414.2500000000000000000000
2019-12-17,833.0000000000000000000000
2019-12-18,-454.9700000000000000000000
2019-12-19,-121.5600000000000000000000
2019-12-20,1246.3700000000000000000000
2019-12-23,1429.0100000000000000000000
2019-12-24,339.0453000000000000000000
2019-12-26,2137.9700000000000000000000
2019-12-27,268.2800000000000000000000
2019-12-30,1234.9900000000000000000000
2019-12-31,530.0000000000000000000000
2020-01-01,1391.5000000000000000000000
2020-01-02,1373.3400000000000000000000
2020-01-03,1574.4200000000000000000000
2020-01-06,-1608.6000000000000000000000
2020-01-07,2065.7000000000000000000000
2020-01-08,1877.2500000000000000000000
2020-01-09,3257.4000000000000000000000
2020-01-10,-2492.7300000000000000000000
2020-01-13,-1546.9200000000000000000000
2020-01-14,-489.1500000000000000000000
2020-01-15,-1547.5700000000000000000000
2020-01-16,-1391.1900000000000000000000
2020-01-17,1242.8400000000000000000000
2020-01-20,672.4000000000000000000000
2020-01-21,378.0900000000000000000000
2020-01-22,-336.8200000000000000000000
2020-01-23,-295.9200000000000000000000
2020-01-24,958.9200000000000000000000
2020-01-27,655.2100000000000000000000
2020-01-28,-31.5100000000000000000000
2020-01-29,506.1400000000000000000000
2020-01-30,-1683.9500000000000000000000
2020-01-31,2006.1800000000000000000000
2020-02-03,-797.3500000000000000000000
2020-02-04,1740.5936000000000000000000
2020-02-05,-1450.4700000000000000000000
2020-02-06,2893.7500000000000000000000
2020-02-07,3180.6300000000000000000000
2020-02-10,192.5700000000000000000000
2020-02-11,-81.8480000000000000000000
2020-02-12,-16.3600000000000000000000
2020-02-13,-963.8400000000000000000000
2020-02-14,259.7200000000000000000000
2020-02-17,-2838.5700000000000000000000
2020-02-18,-600.9200000000000000000000
2020-02-19,5245.8800000000000000000000
2020-02-20,230.2600000000000000000000
2020-02-24,-4678.6900000000000000000000
2020-02-25,-1145.2700000000000000000000
2020-02-26,-982.1160000000000000000000
2020-02-27,-1351.2693500000000000000000
2020-02-28,0E-22
2020-03-02,0E-22
2020-03-03,0E-22
2020-03-04,0E-22
2020-03-05,0E-22
2020-03-06,0E-22
2020-03-09,0E-22
2020-03-11,0E-22
2020-03-12,0E-22
2020-03-13,0E-22
2020-03-16,0E-22
2020-03-17,0E-22
2020-03-18,0E-22
2020-03-19,0E-22
2020-03-20,0E-22
2020-03-23,0E-22
2020-03-24,0E-22
2020-03-25,0E-22
2020-03-26,0E-22
2020-03-27,0E-22
2020-03-30,0E-22
2020-03-31,0E-22
2020-04-01,0E-22
2020-04-03,0E-22
2020-04-07,0E-22
2020-04-08,0E-22
2020-04-09,0E-22
2020-04-13,0E-22
2020-04-15,0E-22
2020-04-16,0E-22
2020-04-17,0E-22
2020-04-20,0E-22
2020-04-21,0E-22
2020-04-22,0E-22
2020-04-23,0E-22
2020-04-24,0E-22
2020-04-27,0E-22
2020-04-28,0E-22
2020-04-29,0E-22
2020-04-30,0E-22
2020-05-04,0E-22
2020-05-05,0E-22
2020-05-06,0E-22
2020-05-07,0E-22
2020-05-08,0E-22
2020-05-11,0E-22
2020-05-12,0E-22
2020-05-13,0E-22
2020-05-14,0E-22
2020-05-15,0E-22
2020-05-18,0E-22
2020-05-19,0E-22
2020-05-20,0E-22
2020-05-21,0E-22
2020-05-22,0E-22
2020-05-26,0E-22
2020-05-27,0E-22
2020-05-28,0E-22
2020-05-29,0E-22
2020-06-01,0E-22
2020-06-02,0E-22
2020-06-03,0E-22
2020-06-04,0E-22
2020-06-05,0E-22
2020-06-08,0E-22
2020-06-09,0E-22
2020-06-10,0E-22
2020-06-11,0E-22
2020-06-12,0E-22
2020-06-15,0E-22
2020-06-16,0E-22
2020-06-17,0E-22
2020-06-18,0E-22
2020-06-19,0E-22
2020-06-22,0E-22
2020-06-23,0E-22
2020-06-24,0E-22
2020-06-25,0E-22
2020-06-26,0E-22
2020-06-29,0E-22
2020-06-30,0E-22
2020-07-01,0E-22
2020-07-02,0E-22
2020-07-03,0E-22
2020-07-06,0E-22
2020-07-07,0E-22
2020-07-08,0E-22
2020-07-09,0E-22
2020-07-10,0E-22
2020-07-13,0E-22
2020-07-14,0E-22
2020-07-15,0E-22
2020-07-16,0E-22
2020-07-17,0E-22
2020-07-20,0E-22
2020-07-21,-453.5748800000000000000000
2020-07-22,2273.4600000000000000000000
2020-07-23,143.8500000000000000000000
2020-07-24,-1.4300000000000000000000
2020-07-27,185.3400000000000000000000
2020-07-28,-1453.8600000000000000000000
2020-07-29,722.6600000000000000000000
2020-07-30,-1314.5400000000000000000000
2020-07-31,2183.3900000000000000000000
2020-08-03,2121.8600000000000000000000
2020-08-04,1280.5500000000000000000000
2020-08-05,-976.3100000000000000000000
2020-08-06,-1964.2600000000000000000000
2020-08-07,2458.8300000000000000000000
2020-08-10,771.8600000000000000000000
2020-08-11,-1100.3100000000000000000000
2020-08-12,324.7900000000000000000000
2020-08-13,997.1000000000000000000000
2020-08-14,-719.8200000000000000000000
2020-08-17,832.6900000000000000000000
2020-08-18,525.6940000000000000000000
2020-08-19,833.2300000000000000000000
2020-08-20,-1146.6200000000000000000000
2020-08-21,-217.3800000000000000000000
2020-08-24,3331.6200000000000000000000
2020-08-25,437.9600000000000000000000
2020-08-26,948.5600000000000000000000
2020-08-27,1784.5300000000000000000000
2020-08-28,621.6600000000000000000000
2020-08-31,-3985.4100000000000000000000
2020-09-01,4161.3500000000000000000000
2020-09-02,5459.8700000000000000000000
2020-09-03,1980.2100000000000000000000
2020-09-04,-2362.1700000000000000000000
2020-09-07,420.7700000000000000000000
2020-09-08,2423.3496000000000000000000
2020-09-09,2576.9600000000000000000000
2020-09-10,-24.6100000000000000000000
2020-09-11,2184.8100000000000000000000
2020-09-14,6185.3200000000000000000000
2020-09-15,2939.0600000000000000000000
2020-09-16,535.9500000000000000000000
2020-09-17,-420.2600000000000000000000
2020-09-18,840.1900000000000000000000
2020-09-21,-5196.9900000000000000000000
2020-09-22,-4118.4440000000000000000000
2020-09-23,-1590.7500000000000000000000
2020-09-24,-3317.2100000000000000000000
2020-09-25,6221.0600000000000000000000
2020-09-28,8599.4600000000000000000000
2020-09-29,3420.0900000000000000000000
2020-09-30,-173.2400000000000000000000
2020-10-01,-213.8700000000000000000000
2020-10-05,1504.7900000000000000000000
2020-10-06,502.1600000000000000000000
2020-10-07,-1123.2400000000000000000000
2020-10-08,550.8800000000000000000000
2020-10-09,-2495.0600000000000000000000
2020-10-12,277.5100000000000000000000
2020-10-13,3099.1500000000000000000000
2020-10-14,1711.9200000000000000000000
2020-10-15,-5279.4300000000000000000000
2020-10-16,2869.9200000000000000000000
2020-10-19,2615.3500000000000000000000
2020-10-20,-614.0600000000000000000000
2020-10-21,-637.7300000000000000000000
2020-10-22,3482.6100000000000000000000
2020-10-23,696.8100000000000000000000
2020-10-26,-4566.0800000000000000000000
2020-10-27,6068.8300000000000000000000
2020-10-28,776.7100000000000000000000
2020-10-29,2709.4600000000000000000000
2020-10-30,2228.4900000000000000000000
2020-11-02,-761.3500000000000000000000
2020-11-03,-2690.8800000000000000000000
2020-11-04,-295.9700000000000000000000
2020-11-05,3423.2500000000000000000000
2020-11-06,93.2500000000000000000000
2020-11-09,1081.8600000000000000000000
2020-11-10,-1437.5600000000000000000000
2020-11-11,1943.3200000000000000000000
2020-11-12,5513.9600000000000000000000
2020-11-13,3858.0200000000000000000000
2020-11-17,3227.3900000000000000000000
2020-11-18,744.8500000000000000000000
2020-11-19,-1071.9500000000000000000000
2020-11-20,6754.6900000000000000000000
2020-11-23,5189.6100000000000000000000
2020-11-24,2225.9605500000000000000000
2020-11-25,-5685.9300000000000000000000
2020-11-26,-824.1100000000000000000000
2020-11-27,8295.8500000000000000000000
2020-12-01,1297.1700000000000000000000
2020-12-02,1095.7000000000000000000000
2020-12-03,-200.5400000000000000000000
2020-12-04,-171.8200000000000000000000
2020-12-07,-831.6200000000000000000000
2020-12-08,635.1000000000000000000000
2020-12-09,-2790.3100000000000000000000
2020-12-10,-2433.5500000000000000000000
2020-12-11,1672.8700000000000000000000
2020-12-14,-1163.4200000000000000000000
2020-12-15,670.2680000000000000000000
2020-12-16,2964.0200000000000000000000
2020-12-17,2199.7800000000000000000000
2020-12-18,-1658.7800000000000000000000
2020-12-21,-5295.5600000000000000000000
2020-12-22,1058.2684000000000000000000
2020-12-23,5060.5400000000000000000000
2020-12-24,-679.2800000000000000000000
2020-12-28,5128.9600000000000000000000
2020-12-29,-1120.3964000000000000000000
2020-12-30,2236.1700000000000000000000
2020-12-31,1988.7300000000000000000000
2021-01-01,453.2200000000000000000000
2021-01-04,3095.4100000000000000000000
2021-01-05,1183.5500000000000000000000
2021-01-06,1841.4200000000000000000000
2021-01-07,1504.4300000000000000000000
2021-01-08,-2343.3300000000000000000000
2021-01-11,-5877.1900000000000000000000
2021-01-12,-1691.8200000000000000000000
2021-01-13,-2925.4000000000000000000000
2021-01-14,7258.2700000000000000000000
2021-01-15,-1084.3400000000000000000000
2021-01-18,-1370.3300000000000000000000
2021-01-19,3827.4000000000000000000000
2021-01-20,2709.7300000000000000000000
2021-01-21,512.5200000000000000000000
2021-01-22,-3966.6500000000000000000000
2021-01-25,152.1000000000000000000000
2021-01-27,-3533.1692100000000000000000
2021-01-28,-1573.2600000000000000000000
2021-01-29,-3878.0400000000000000000000
2021-02-01,3579.2200000000000000000000
2021-02-02,300.1046600000000000000000
2021-02-03,2399.2900000000000000000000
2021-02-04,3162.2000000000000000000000
2021-02-05,-652.9000000000000000000000
2021-02-08,6763.5100000000000000000000
2021-02-09,4141.5400000000000000000000
2021-02-10,551.3700000000000000000000
2021-02-11,3001.3700000000000000000000
2021-02-12,-2528.9400000000000000000000
2021-02-15,1060.6200000000000000000000
2021-02-16,1092.2800000000000000000000
2021-02-17,3691.1500000000000000000000
2021-02-18,5045.3500000000000000000000
2021-02-19,576.0900000000000000000000
2021-02-22,-75.8300000000000000000000
2021-02-23,7779.6400000000000000000000
2021-02-24,327.5000000000000000000000
2021-02-25,2253.1000000000000000000000
2021-02-26,-861.9700000000000000000000
2021-03-01,1022.1700000000000000000000
2021-03-02,2340.8400000000000000000000
2021-03-03,8061.0400000000000000000000
2021-03-04,7371.9200000000000000000000
2021-03-05,-4253.4600000000000000000000
2021-03-08,590.2300000000000000000000
2021-03-09,-763.8700000000000000000000
2021-03-10,4441.8400000000000000000000
2021-03-12,-2746.4100000000000000000000
2021-03-15,-4547.7900000000000000000000
2021-03-16,2400.7900000000000000000000
2021-03-17,-6040.0100000000000000000000
2021-03-18,685.4800000000000000000000
2021-03-19,7385.9500000000000000000000
2021-03-22,3870.6000000000000000000000
2021-03-23,4636.5500000000000000000000
2021-03-24,-1996.7000000000000000000000
2021-03-25,-5614.4000000000000000000000
2021-03-26,3250.5900000000000000000000
2021-03-30,-1006.0900000000000000000000
2021-03-31,-1015.2000000000000000000000
2021-04-01,1070.2000000000000000000000
2021-04-05,-5804.1100000000000000000000
2021-04-06,6145.3500000000000000000000
2021-04-07,9393.2000000000000000000000
2021-04-08,5063.4600000000000000000000
2021-04-09,2580.0900000000000000000000
2021-04-12,-12334.0400000000000000000000
2021-04-13,-575.4100000000000000000000
2021-04-15,-2163.4500000000000000000000
2021-04-16,7665.9100000000000000000000
2021-04-19,-8022.3100000000000000000000
2021-04-20,3462.4000000000000000000000
2021-04-22,-1178.0000000000000000000000
2021-04-23,4139.2000000000000000000000
2021-04-26,480.6500000000000000000000
2021-04-27,4360.9100000000000000000000
2021-04-28,4126.4400000000000000000000
2021-04-29,-1002.4000000000000000000000
2021-04-30,-3715.2500000000000000000000
2021-05-03,9839.5600000000000000000000
2021-05-04,2480.7000000000000000000000
2021-05-05,4004.5400000000000000000000
2021-05-06,4436.6500000000000000000000
2021-05-07,1962.2600000000000000000000
2021-05-10,-5512.3500000000000000000000
2021-05-11,848.4000000000000000000000
2021-05-12,-3863.5500000000000000000000
2021-05-14,-228.8500000000000000000000
2021-05-17,4057.3500000000000000000000
2021-05-18,4358.3400000000000000000000
2021-05-19,4448.0600000000000000000000
2021-05-20,-58.6100000000000000000000
2021-05-21,2380.7000000000000000000000
2021-05-24,5520.2600000000000000000000
2021-05-25,-2169.6600000000000000000000
2021-05-26,-4304.3500000000000000000000
2021-05-27,6510.4100000000000000000000
2021-05-28,-2517.1500000000000000000000
2021-05-31,192.3900000000000000000000
2021-06-01,321.6600000000000000000000
2021-06-02,3165.9000000000000000000000
2021-06-03,3628.5400000000000000000000
2021-06-04,-946.8500000000000000000000
2021-06-07,3629.4000000000000000000000
2021-06-08,3399.7016500000000000000000
2021-06-09,-6981.5500000000000000000000
2021-06-10,4636.1100000000000000000000
2021-06-11,1528.1900000000000000000000
2021-06-14,2273.8500000000000000000000
2021-06-15,-1935.8400000000000000000000
2021-06-16,-8509.8600000000000000000000
2021-06-17,-4769.3967000000000000000000
2021-06-18,-3108.6500000000000000000000
2021-06-21,4346.4900000000000000000000
2021-06-22,2963.0560000000000000000000
2021-06-23,-4051.9900000000000000000000
2021-06-24,-936.1600000000000000000000
2021-06-25,1314.9100000000000000000000
2021-06-28,-2342.7982000000000000000000
2021-06-29,479.8270000000000000000000
2021-06-30,1109.3100000000000000000000
2021-07-01,-6000.7000000000000000000000
2021-07-02,-1925.8100000000000000000000
2021-07-05,-2538.5400000000000000000000
2021-07-06,1583.8487500000000000000000
2021-07-07,0.0600000000000000000000
2021-07-08,-942.0140000000000000000000
2021-07-09,-605.3600000000000000000000
2021-07-12,-2074.8600000000000000000000
2021-07-13,-837.9999000000000000000000
2021-07-14,-6154.8600000000000000000000
2021-07-15,5504.8100000000000000000000
2021-07-16,-1172.5600000000000000000000
2021-07-19,-5668.1500000000000000000000
2021-07-20,-6090.2440000000000000000000
2021-07-22,8172.3700000000000000000000
2021-07-23,-958.8700000000000000000000
2021-07-26,120.4900000000000000000000
2021-07-27,-2395.6400000000000000000000
2021-07-28,2539.1000000000000000000000
2021-07-29,-2523.6800000000000000000000
2021-07-30,1492.0200000000000000000000
2021-08-02,3420.1000000000000000000000
2021-08-03,4031.5300000000000000000000
2021-08-04,2197.4800000000000000000000
2021-08-05,1591.3800000000000000000000
2021-08-06,6773.3100000000000000000000
2021-08-09,-3293.7400000000000000000000
2021-08-10,-8551.9600000000000000000000
2021-08-11,-2997.5300000000000000000000
2021-08-12,5304.4600000000000000000000
2021-08-13,-530.0100000000000000000000
2021-08-16,-1005.1700000000000000000000
2021-08-17,4743.1000000000000000000000
2021-08-18,2231.1200000000000000000000
2021-08-20,-1874.9200000000000000000000
2021-08-23,-2652.2900000000000000000000
2021-08-24,7509.0500000000000000000000
2021-08-25,6004.3100000000000000000000
2021-08-26,2379.7900000000000000000000
2021-08-27,1709.6600000000000000000000
2021-08-30,3612.2600000000000000000000
2021-08-31,8937.1900000000000000000000
2021-09-01,-10.4300000000000000000000
2021-09-02,4771.8100000000000000000000
2021-09-03,-196.2900000000000000000000
2021-09-06,-2807.5900000000000000000000
2021-09-07,1009.9000000000000000000000
2021-09-08,2345.3500000000000000000000
2021-09-09,-1517.9500000000000000000000
2021-09-13,-4122.5800000000000000000000
2021-09-14,-13.3590000000000000000000
2021-09-15,617.8300000000000000000000
2021-09-16,2060.8100000000000000000000
2021-09-17,4428.0000000000000000000000
2021-09-20,-4083.7400000000000000000000
2021-09-21,6328.5300000000000000000000
2021-09-22,3896.2800000000000000000000
2021-09-23,11335.3200000000000000000000
2021-09-24,4216.0700000000000000000000
2021-09-27,-1836.9400000000000000000000
2021-09-28,6291.7800000000000000000000
2021-09-29,7346.9700000000000000000000
2021-09-30,6214.4900000000000000000000
2021-10-01,1045.7200000000000000000000
2021-10-04,4242.0600000000000000000000
2021-10-05,-4564.3400000000000000000000
2021-10-06,-10322.0400000000000000000000
2021-10-07,4158.2400000000000000000000
2021-10-08,-1520.5400000000000000000000
2021-10-11,8301.1300000000000000000000
2021-10-12,-4756.3700000000000000000000
2021-10-13,3996.9900000000000000000000
2021-10-14,5296.2300000000000000000000
2021-10-18,3913.7200000000000000000000
2021-10-19,2114.5300000000000000000000
2021-10-20,4872.7400000000000000000000
2021-10-21,1751.8200000000000000000000
2021-10-22,4152.7700000000000000000000
2021-10-25,-3269.3100000000000000000000
2021-10-26,7915.7200000000000000000000
2021-10-27,8931.4300000000000000000000
2021-10-28,-21126.2900000000000000000000
2021-10-29,-1967.5800000000000000000000
2021-11-01,3332.3700000000000000000000
2021-11-02,7025.5475000000000000000000
2021-11-03,9487.9500000000000000000000
2021-11-08,2361.1400000000000000000000
2021-11-09,682.1500000000000000000000
2021-11-10,1906.8400000000000000000000
2021-11-11,3603.1900000000000000000000
2021-11-12,8369.4100000000000000000000
2021-11-15,-3594.0800000000000000000000
2021-11-16,-2897.7200000000000000000000
2021-11-17,-4235.9200000000000000000000
2021-11-18,-4138.9300000000000000000000
2021-11-22,-1270.1300000000000000000000
2021-11-23,7669.8100000000000000000000
2021-11-24,1214.1800000000000000000000
2021-11-25,4344.8800000000000000000000
2021-11-26,-13479.7000000000000000000000
2021-11-29,-9729.0300000000000000000000
2021-11-30,-1649.9900000000000000000000
2021-12-01,7072.8100000000000000000000
2021-12-02,14823.3800000000000000000000
2021-12-03,-3779.2300000000000000000000
2021-12-06,-10653.9500000000000000000000
2021-12-07,6193.7000000000000000000000
2021-12-08,4776.4100000000000000000000
2021-12-09,3215.8000000000000000000000
2021-12-10,12036.1200000000000000000000
2021-12-13,5593.0200000000000000000000
2021-12-14,13245.9400000000000000000000
2021-12-15,2639.0800000000000000000000
2021-12-16,-5605.5800000000000000000000
2021-12-17,-15251.3600000000000000000000
2021-12-20,-15863.7800000000000000000000
2021-12-21,10504.8100000000000000000000
2021-12-22,6623.0500000000000000000000
2021-12-23,4594.7500000000000000000000
2021-12-24,-1611.1100000000000000000000
2021-12-27,14279.8600000000000000000000
2021-12-28,1317.9600000000000000000000
2021-12-29,3186.3000000000000000000000
2021-12-30,-5844.1200000000000000000000
2021-12-31,3559.8800000000000000000000
2022-01-03,2293.7800000000000000000000
2022-01-04,10712.5700000000000000000000
2022-01-05,-2676.0200000000000000000000
2022-01-06,-3125.6900000000000000000000
2022-01-07,2473.7900000000000000000000
2022-01-10,1100.9600000000000000000000
2022-01-11,1057.0300000000000000000000
2022-01-12,-3758.5400000000000000000000
2022-01-13,1855.2500000000000000000000
2022-01-14,2015.7400000000000000000000
2022-01-17,-1538.9900000000000000000000
2022-01-18,-5971.6400000000000000000000
2022-01-19,615.8500000000000000000000
2022-01-20,-9.2800000000000000000000
2022-01-21,-3775.2500000000000000000000
2022-01-24,-13119.6600000000000000000000
2022-01-25,11379.1600000000000000000000
2022-01-27,545.6700000000000000000000
2022-01-28,-5085.6900000000000000000000
2022-01-31,-3970.8500000000000000000000
2022-02-01,3258.5100000000000000000000
2022-02-02,3527.8300000000000000000000
2022-02-03,4113.2700000000000000000000
2022-02-04,3186.3700000000000000000000
2022-02-07,-7159.2900000000000000000000
2022-02-08,-8782.0800000000000000000000
2022-02-09,95.1000000000000000000000
2022-02-10,8053.2800000000000000000000
2022-02-11,-22.2700000000000000000000
2022-02-14,-18929.6200000000000000000000
2022-02-15,7725.6500000000000000000000
2022-02-16,-3558.0300000000000000000000
2022-02-17,11774.5600000000000000000000
2022-02-18,375.4700000000000000000000
2022-02-21,-14051.7700000000000000000000
2022-02-22,-2611.1600000000000000000000
2022-02-23,13127.5300000000000000000000
2022-02-24,-24395.3900000000000000000000
2022-02-25,-4993.1954800000000000000000
2022-02-28,0E-22
2022-03-02,0E-22
2022-03-03,0E-22
2022-03-04,0E-22
2022-03-07,0E-22
2022-03-08,0E-22
2022-03-09,0E-22
2022-03-10,0E-22
2022-03-11,0E-22
2022-03-14,0E-22
2022-03-15,0E-22
2022-03-16,0E-22
2022-03-17,0E-22
2022-03-21,0E-22
2022-03-22,-405.4964500000000000000000
2022-03-23,1104.2000000000000000000000
2022-03-24,7707.6500000000000000000000
2022-03-25,-125.4500000000000000000000
2022-03-28,-2330.1000000000000000000000
2022-03-29,-67.2500000000000000000000
2022-03-30,7992.8000000000000000000000
2022-03-31,-659.0500000000000000000000
2022-04-01,7946.9500000000000000000000
2022-04-04,13782.8000000000000000000000
2022-04-05,13536.2000000000000000000000
2022-04-06,1742.2000000000000000000000
2022-04-07,-6930.3000000000000000000000
2022-04-08,11381.1000000000000000000000
2022-04-11,10810.9000000000000000000000
2022-04-12,-18540.7500000000000000000000
2022-04-13,-5971.1500000000000000000000
2022-04-18,-1299.3000000000000000000000
2022-04-19,-10380.0500000000000000000000
2022-04-20,6129.2093500000000000000000
2022-04-21,0E-22
2022-04-22,0E-22
2022-04-25,0E-22
2022-04-26,0E-22
2022-04-27,0E-22
2022-04-28,0E-22
2022-04-29,0E-22
2022-05-02,0E-22
2022-05-04,0E-22
2022-05-05,0E-22
2022-05-06,0E-22
2022-05-09,0E-22
2022-05-10,0E-22
2022-05-11,0E-22
2022-05-12,0E-22
2022-05-13,0E-22
2022-05-16,0E-22
2022-05-17,0E-22
2022-05-18,0E-22
2022-05-19,0E-22
2022-05-20,0E-22
2022-05-23,0E-22
2022-05-24,0E-22
2022-05-25,0E-22
2022-05-26,0E-22
2022-05-27,0E-22
2022-05-30,0E-22
2022-05-31,0E-22
2022-06-01,0E-22
2022-06-02,0E-22
2022-06-03,0E-22
2022-06-06,0E-22
2022-06-07,0E-22
2022-06-08,0E-22
2022-06-09,0E-22
2022-06-10,0E-22
2022-06-13,0E-22
2022-06-14,0E-22
2022-06-15,0E-22
2022-06-16,0E-22
2022-06-17,0E-22
2022-06-20,0E-22
2022-06-21,0E-22
2022-06-22,0E-22
2022-06-23,0E-22
2022-06-24,0E-22
2022-06-27,0E-22
2022-06-28,0E-22
2022-06-29,0E-22
2022-06-30,0E-22
2022-07-01,0E-22
2022-07-04,0E-22
2022-07-05,0E-22
2022-07-06,0E-22
2022-07-07,0E-22
2022-07-08,0E-22
2022-07-11,0E-22
2022-07-12,0E-22
2022-07-13,0E-22
2022-07-14,0E-22
2022-07-15,0E-22
2022-07-18,0E-22
2022-07-19,0E-22
2022-07-20,0E-22
2022-07-21,0E-22
2022-07-22,0E-22
2022-07-25,0E-22
2022-07-26,0E-22
2022-07-27,0E-22
2022-07-28,0E-22
2022-07-29,0E-22
2022-08-01,0E-22
2022-08-02,1532.7991000000000000000000
2022-08-03,8983.1000000000000000000000
2022-08-04,-3286.5500000000000000000000
2022-08-05,3302.8000000000000000000000
2022-08-08,2166.3000000000000000000000
2022-08-10,-2017.3500000000000000000000
2022-08-11,9611.8500000000000000000000
2022-08-12,17211.8500000000000000000000
2022-08-16,6951.1000000000000000000000
2022-08-17,1571.8000000000000000000000
2022-08-18,2002.5000000000000000000000
2022-08-19,-9463.7500000000000000000000
2022-08-22,-14943.1500000000000000000000
2022-08-23,1995.1000000000000000000000
2022-08-24,5987.2000000000000000000000
2022-08-25,-4077.6000000000000000000000
2022-08-26,-3749.5500000000000000000000
2022-08-29,-8036.4500000000000000000000
2022-08-30,9683.3500000000000000000000
2022-09-01,851.4000000000000000000000
2022-09-02,-7738.0000000000000000000000
2022-09-05,3499.2500000000000000000000
2022-09-06,-487.7500000000000000000000
2022-09-07,-4026.7000000000000000000000
2022-09-08,4419.0500000000000000000000
2022-09-09,5565.2500000000000000000000
2022-09-12,12439.7500000000000000000000
2022-09-13,475.9120000000000000000000
2022-09-14,-3378.2000000000000000000000
2022-09-15,7831.5500000000000000000000
2022-09-16,-6049.4000000000000000000000
2022-09-19,4890.1000000000000000000000
2022-09-20,11262.1000000000000000000000
2022-09-21,-6187.3000000000000000000000
2022-09-22,5047.0500000000000000000000
2022-09-23,-10223.8500000000000000000000
2022-09-26,-15540.3500000000000000000000
2022-09-27,-5594.7500000000000000000000
2022-09-28,5800.0500000000000000000000
2022-09-29,4513.2144000000000000000000
2022-09-30,0E-22
2022-10-03,0E-22
2022-10-04,0E-22
2022-10-06,0E-22
2022-10-07,0E-22
2022-10-10,0E-22
2022-10-11,-9060.0256500000000000000000
2022-10-12,1131.6725500000000000000000
2022-10-13,0E-22
2022-10-14,0E-22
2022-10-17,0E-22
2022-10-18,7154.2094000000000000000000
2022-10-19,-5035.0000000000000000000000
2022-10-20,8563.6000000000000000000000
2022-10-21,-3608.6000000000000000000000
2022-10-25,2058.3000000000000000000000
2022-10-27,7735.6000000000000000000000
2022-10-28,241.2000000000000000000000
2022-10-31,11426.1000000000000000000000
2022-11-01,11808.9000000000000000000000
2022-11-02,-3328.2000000000000000000000
2022-11-03,-2891.8000000000000000000000
2022-11-04,10297.5000000000000000000000
2022-11-07,6601.2000000000000000000000
2022-11-09,212.6140000000000000000000
2022-11-10,-5534.4500000000000000000000
2022-11-11,8499.7100000000000000000000
2022-11-14,3247.2500000000000000000000
2022-11-15,9373.8900000000000000000000
2022-11-16,-1207.4000000000000000000000
2022-11-17,-6038.8900000000000000000000
2022-11-18,-11997.5000000000000000000000
2022-11-21,-6884.5600000000000000000000
2022-11-22,9769.1600000000000000000000
2022-11-23,509.1900000000000000000000
2022-11-24,293.7100000000000000000000
2022-11-25,-5315.7555000000000000000000
2022-11-28,1858.7600000000000000000000
2022-11-29,-1458.5484000000000000000000
2022-11-30,5640.8600000000000000000000
2022-12-01,-634.8100000000000000000000
2022-12-02,-203.2500000000000000000000
2022-12-05,1242.4100000000000000000000
2022-12-06,-816.5908000000000000000000
2022-12-07,-3135.4800000000000000000000
2022-12-08,9258.6800000000000000000000
2022-12-09,-4709.9900000000000000000000
2022-12-12,-2882.6600000000000000000000
2022-12-13,-836.1400000000000000000000
2022-12-14,-1340.1100000000000000000000
2022-12-15,-397.3800000000000000000000
2022-12-16,-2968.0100000000000000000000
2022-12-19,7122.1000000000000000000000
2022-12-20,4869.8100000000000000000000
2022-12-21,-15820.1100000000000000000000
2022-12-22,-5939.6900000000000000000000
2022-12-23,-41994.1700000000000000000000
2022-12-26,14380.0975000000000000000000
2022-12-27,-987.9981500000000000000000
2022-12-28,9790.2700000000000000000000
2022-12-29,9475.3300000000000000000000
2022-12-30,-4145.0400000000000000000000
2023-01-02,-4199.7800000000000000000000
2023-01-03,8421.7400000000000000000000
2023-01-04,-4899.0300000000000000000000
2023-01-05,3884.3700000000000000000000
2023-01-06,-4007.5600000000000000000000
2023-01-09,4142.6200000000000000000000
2023-01-10,-11219.5800000000000000000000
2023-01-11,-5550.5300000000000000000000
2023-01-12,3799.6200000000000000000000
2023-01-13,7870.4076200000000000000000
2023-01-16,-6709.7500000000000000000000
2023-01-17,740.1300000000000000000000
2023-01-18,1621.7000000000000000000000
2023-01-19,-6327.4000000000000000000000
2023-01-20,2366.7734000000000000000000
2023-01-23,-1485.6000000000000000000000
2023-01-24,-2210.0160000000000000000000
2023-01-25,-11132.8900000000000000000000
2023-01-27,-45092.0000000000000000000000
2023-01-30,-14595.7909000000000000000000
2023-01-31,989.6764600000000000000000
2023-02-01,-31964.4700000000000000000000
2023-02-02,6688.4222600000000000000000
2023-02-03,383.4100000000000000000000
2023-02-06,6189.9000000000000000000000
2023-02-07,13944.1990200000000000000000
2023-02-08,13028.3400000000000000000000
2023-02-09,-12577.7000000000000000000000
2023-02-10,-3314.6100000000000000000000
2023-02-13,-9341.8900000000000000000000
2023-02-14,2076.0000000000000000000000
2023-02-15,5559.9600000000000000000000
2023-02-16,3273.4600000000000000000000
2023-02-17,-5602.9000000000000000000000
2023-02-20,-6134.9400000000000000000000
2023-02-21,-4671.9700000000000000000000
2023-02-22,-14470.5000000000000000000000
2023-02-23,755.6400000000000000000000
2023-02-24,-5080.9200000000000000000000
2023-02-27,-2077.1208900000000000000000
2023-02-28,-1919.1600000000000000000000
2023-03-01,-232.9321000000000000000000
2023-03-02,0E-22
2023-03-03,0E-22
2023-03-06,0E-22
2023-03-08,1623.9646200000000000000000
2023-03-09,-879.2000000000000000000000
2023-03-10,-1768.2200000000000000000000
2023-03-13,-1261.6126500000000000000000
2023-03-14,0E-22
2023-03-15,0E-22
2023-03-16,0E-22
2023-03-17,0E-22
2023-03-20,0E-22
2023-03-21,0E-22
2023-03-22,0E-22
2023-03-23,0E-22
2023-03-24,0E-22
2023-03-27,0E-22
2023-03-28,0E-22
2023-03-29,0E-22
2023-03-31,0E-22
2023-04-03,0E-22
2023-04-05,0E-22
2023-04-06,0E-22
2023-04-10,0E-22
2023-04-11,-1185.4617800000000000000000
2023-04-12,928.1000000000000000000000
2023-04-13,-424.4500000000000000000000
2023-04-17,2549.7500000000000000000000
2023-04-18,-488.7500000000000000000000
2023-04-19,-968.7300000000000000000000
2023-04-20,-42.7200000000000000000000
2023-04-21,3616.7500000000000000000000
2023-04-24,14962.0700000000000000000000
2023-04-25,14606.6300000000000000000000
2023-04-26,197.5200000000000000000000
2023-04-27,-560.5700000000000000000000
2023-04-28,7259.4200000000000000000000
2023-05-02,14312.5000000000000000000000
2023-05-03,13707.7000000000000000000000
2023-05-04,-370.0200000000000000000000
2023-05-05,10742.5000000000000000000000
2023-05-08,-7051.1800000000000000000000
2023-05-09,-5590.0000000000000000000000
2023-05-10,-731.3000000000000000000000
2023-05-11,6103.3300000000000000000000
2023-05-12,-7999.9500000000000000000000
2023-05-15,723.6500000000000000000000
2023-05-16,7848.0000000000000000000000
2023-05-17,2861.3700000000000000000000
2023-05-18,-4774.4000000000000000000000
2023-05-19,-6914.8500000000000000000000
2023-05-22,-1605.8500000000000000000000
2023-05-23,-3077.8000000000000000000000
2023-05-24,2485.4800000000000000000000
2023-05-25,-637.9800000000000000000000
2023-05-26,7269.4500000000000000000000
2023-05-29,5553.4000000000000000000000
2023-05-30,-3448.8700000000000000000000
2023-05-31,8166.1500000000000000000000
2023-06-01,147.5500000000000000000000
2023-06-02,7202.3500000000000000000000
2023-06-05,16983.8200000000000000000000
2023-06-06,9431.9500000000000000000000
2023-06-07,6822.1300000000000000000000
2023-06-08,-5475.5800000000000000000000
2023-06-09,7966.9000000000000000000000
2023-06-12,-2406.1200000000000000000000
2023-06-13,947.4700000000000000000000
2023-06-14,1327.7500000000000000000000
2023-06-15,4679.9000000000000000000000
2023-06-16,29861.1000000000000000000000
2023-06-19,4111.5000000000000000000000
2023-06-20,7709.4370000000000000000000
2023-06-21,-7408.0200000000000000000000
2023-06-22,-4330.2000000000000000000000
2023-06-23,-14184.1500000000000000000000
2023-06-26,13383.0000000000000000000000
2023-06-27,-1888.2300000000000000000000
2023-06-28,1310.8500000000000000000000
2023-06-30,2612.8500000000000000000000
2023-07-03,4474.5300000000000000000000
2023-07-04,-4753.6729800000000000000000
2023-07-05,6610.1500000000000000000000
2023-07-06,-190.2500000000000000000000
2023-07-07,1875.8500000000000000000000
2023-07-10,11663.7000000000000000000000
2023-07-11,15697.6140500000000000000000
2023-07-12,16927.6000000000000000000000
2023-07-13,-5390.5000000000000000000000
2023-07-14,-5127.7000000000000000000000
2023-07-17,10531.1500000000000000000000
2023-07-18,3013.6500000000000000000000
2023-07-19,-782.4000000000000000000000
2023-07-20,14491.9500000000000000000000
2023-07-21,5130.9000000000000000000000
2023-07-24,13878.4000000000000000000000
2023-07-25,-16428.0000000000000000000000
2023-07-26,5414.6500000000000000000000
2023-07-27,-3630.8000000000000000000000
2023-07-28,1307.8500000000000000000000
2023-07-31,-4191.6500000000000000000000
2023-08-01,-1554.5500000000000000000000
2023-08-02,-4177.4500000000000000000000
2023-08-03,3589.5000000000000000000000
2023-08-04,5970.7500000000000000000000
2023-08-07,-1349.2500000000000000000000
2023-08-08,-961.1622000000000000000000
2023-08-09,5021.6500000000000000000000
2023-08-10,-5283.8000000000000000000000
2023-08-11,8446.4500000000000000000000
2023-08-14,17684.7000000000000000000000
2023-08-16,14463.8530000000000000000000
2023-08-17,504.3500000000000000000000
2023-08-18,-11188.7000000000000000000000
2023-08-21,4163.0000000000000000000000
2023-08-22,3366.9500000000000000000000
2023-08-23,5060.6500000000000000000000
2023-08-24,-6418.5500000000000000000000
2023-08-25,-9126.5000000000000000000000
2023-08-28,8690.0000000000000000000000
2023-08-29,1508.1500000000000000000000
2023-08-30,12017.1500000000000000000000
2023-08-31,16436.9500000000000000000000
2023-09-01,7272.7500000000000000000000
2023-09-04,23565.8500000000000000000000
2023-09-05,-2059.3500000000000000000000
2023-09-06,-11187.3000000000000000000000
2023-09-07,23010.7000000000000000000000
2023-09-08,23356.2000000000000000000000
2023-09-11,33554.3500000000000000000000
2023-09-12,-50209.7500000000000000000000
2023-09-13,-8849.1000000000000000000000
2023-09-14,8787.1500000000000000000000
2023-09-15,22779.5000000000000000000000
2023-09-18,-18730.6500000000000000000000
2023-09-20,-509.9500000000000000000000
2023-09-21,-16901.4000000000000000000000
2023-09-22,6523.5000000000000000000000
2023-09-25,-8752.1500000000000000000000
2023-09-26,23804.7412000000000000000000
2023-09-27,5856.0000000000000000000000
2023-09-28,-3985.4000000000000000000000
2023-09-29,7357.6500000000000000000000
2023-10-03,-476.0500000000000000000000
2023-10-04,-9949.4000000000000000000000
2023-10-05,9936.5500000000000000000000
2023-10-06,10857.6500000000000000000000
2023-10-09,-25872.2000000000000000000000
2023-10-10,29063.5094500000000000000000
2023-10-11,2192.3000000000000000000000
2023-10-12,-1230.2000000000000000000000
2023-10-13,4159.1000000000000000000000
2023-10-16,6661.8500000000000000000000
2023-10-17,14205.9500000000000000000000
2023-10-18,-4966.7000000000000000000000
2023-10-19,-1884.4500000000000000000000
2023-10-20,-8238.7500000000000000000000
2023-10-23,-40843.9000000000000000000000
2023-10-25,-18804.9000000000000000000000
2023-10-26,-134.9500000000000000000000
2023-10-27,30593.2500000000000000000000
2023-10-30,-9886.3000000000000000000000
2023-10-31,-3695.1000000000000000000000
2023-11-01,-761.5000000000000000000000
2023-11-02,2335.7500000000000000000000
2023-11-03,128.4500000000000000000000
2023-11-06,18813.7000000000000000000000
2023-11-07,17026.9000000000000000000000
2023-11-08,17478.9500000000000000000000
2023-11-09,-8757.2000000000000000000000
2023-11-10,-4778.3000000000000000000000
2023-11-13,-814.9000000000000000000000
2023-11-15,4285.5500000000000000000000
2023-11-16,-13951.8000000000000000000000
2023-11-17,14049.1500000000000000000000
2023-11-20,-2122.4500000000000000000000
2023-11-21,12037.1077500000000000000000
2023-11-22,-6389.0500000000000000000000
2023-11-23,3441.6000000000000000000000
2023-11-24,4631.5000000000000000000000
2023-11-28,-6106.1000000000000000000000
2023-11-29,-3558.5000000000000000000000
2023-11-30,-1866.2500000000000000000000
2023-12-01,18133.0500000000000000000000
2023-12-04,15081.4500000000000000000000
2023-12-05,-2881.2500000000000000000000
2023-12-06,10744.1000000000000000000000
2023-12-07,-9894.8500000000000000000000
2023-12-08,3827.6000000000000000000000
2023-12-11,19565.4000000000000000000000
2023-12-12,-5092.9500000000000000000000
2023-12-13,12638.6500000000000000000000
2023-12-14,17803.0500000000000000000000
2023-12-15,-1094.9500000000000000000000
2023-12-18,5133.2500000000000000000000
2023-12-19,10538.7500000000000000000000
2023-12-20,-37700.3500000000000000000000
2023-12-21,28048.5500000000000000000000
2023-12-22,-2941.0000000000000000000000
2023-12-26,28285.1000000000000000000000
2023-12-27,7212.2000000000000000000000
2023-12-28,-10894.5500000000000000000000
2023-12-29,10777.1500000000000000000000
2024-01-01,10206.3500000000000000000000
2024-01-02,-4462.9000000000000000000000
2024-01-03,9019.6000000000000000000000
2024-01-04,916.4500000000000000000000
2024-01-05,-2721.6000000000000000000000
2024-01-08,835.9000000000000000000000
2024-01-09,5942.7500000000000000000000
2024-01-10,20700.1000000000000000000000
2024-01-11,13341.1000000000000000000000
2024-01-12,12675.3500000000000000000000
2024-01-15,51043.4000000000000000000000
2024-01-16,8220.5500000000000000000000
2024-01-17,28031.0000000000000000000000
2024-01-18,-13148.750000000000000000000
2024-01-19,76443.650000000000000000000
2024-01-23,-14956.550000000000000000000
2024-01-24,42774.200000000000000000000
2024-01-25,2825.500000000000000000000
2024-01-29,902.500000000000000000000
2024-01-30,-6155.000000000000000000000
2024-01-31,17799.400000000000000000000
2024-02-01,-36415.900000000000000000000
2024-02-02,-1554.000000000000000000000
2024-02-05,-37379.150000000000000000000
2024-02-06,5525.450000000000000000000
2024-02-07,6740.200000000000000000000
2024-02-08,11489.550000000000000000000
2024-02-09,-48510.600000000000000000000
2024-02-12,-52705.9500000000000000000000
2024-02-13,44363.3000000000000000000000
2024-02-14,5403.500000000000000000000
2024-02-15,24140.950000000000000000000
2024-02-16,-18409.450000000000000000000
2024-02-19,20095.550000000000000000000
2024-02-20,-7028.050000000000000000000
2024-02-21,-15440.400000000000000000000
2024-02-22,884.850000000000000000000
2024-02-23,9626.300000000000000000000
2024-02-26,-3738.200000000000000000000
2024-02-27,-10246.950000000000000000000
2024-02-28,-12264.750000000000000000000
2024-02-29,-4090.650000000000000000000
2024-03-01,10698.550000000000000000000
2024-03-04,418.600000000000000000000
2024-03-05,-6175.450000000000000000000
2024-03-06,-10983.450000000000000000000
2024-03-07,10574.800000000000000000000
2024-03-11,-1906.500000000000000000000
2024-03-12,-18852.9500000000000000000000
2024-03-13,-70718.1500000000000000000000
2024-03-14,58974.0500000000000000000000
2024-03-15,-11934.2500000000000000000000
2024-03-18,-16180.6500000000000000000000
2024-03-19,1837.9500000000000000000000
2024-03-20,-18841.7500000000000000000000
2024-03-21,27802.7000000000000000000000
2024-03-22,21411.2500000000000000000000
2024-03-26,22478.7500000000000000000000
2024-03-27,-29.950000000000000000000
2024-03-28,-767.600000000000000000000
2024-04-01,30519.300000000000000000000
2024-04-02,3809.250000000000000000000
2024-04-03,29168.500000000000000000000
2024-04-04,-7491.450000000000000000000
2024-04-05,5406.800000000000000000000
2024-04-08,2092.950000000000000000000
2024-04-09,-14663.550000000000000000000
2024-04-10,-7072.500000000000000000000
2024-04-12,3970.050000000000000000000
2024-04-15,-29462.950000000000000000000
2024-04-16,10563.200000000000000000000
2024-04-18,-4651.800000000000000000000
2024-04-19,-2709.400000000000000000000
2024-04-22,8542.200000000000000000000
2024-04-23,33112.700000000000000000000
2024-04-24,19522.750000000000000000000
2024-04-25,19790.000000000000000000000
2024-04-26,13030.650000000000000000000
2024-04-29,-2627.200000000000000000000
2024-04-30,4396.800000000000000000000
2024-05-02,15896.350000000000000000000
2024-05-03,-7748.600000000000000000000
2024-05-06,-36090.500000000000000000000
2024-05-07,-33490.100000000000000000000
2024-05-08,26025.200000000000000000000
2024-05-09,-25113.800000000000000000000
2024-05-10,4573.950000000000000000000
2024-05-13,-17938.150000000000000000000
2024-05-14,57574.350000000000000000000
2024-05-15,9675.450000000000000000000
2024-05-16,17640.100000000000000000000
2024-05-17,59677.750000000000000000000
2024-05-21,72399.950000000000000000000
2024-05-22,-6746.700000000000000000000
2024-05-23,73466.700000000000000000000
2024-05-24,-473.700000000000000000000
2024-05-27,18584.700000000000000000000
2024-05-28,-23586.200000000000000000000
2024-05-29,29077.950000000000000000000
2024-05-30,-18196.950000000000000000000
2024-05-31,-10795.250000000000000000000
2024-06-03,67283.500000000000000000000
2024-06-04,-184640.750000000000000000000
2024-06-05,15517.500000000000000000000
2024-06-06,74737.200000000000000000000
2024-06-07,6739.650000000000000000000
2024-06-10,116.600000000000000000000
2024-06-11,16921.739200000000000000000
2024-06-12,4630.850000000000000000000
2024-06-13,29199.500000000000000000000
2024-06-14,67344.900000000000000000000
2024-06-18,76762.950000000000000000000
2024-06-19,-40046.800000000000000000000
2024-06-20,-2666.450000000000000000000
2024-06-21,-4240.800000000000000000000
2024-06-24,9538.100000000000000000000
2024-06-25,926.950000000000000000000
2024-06-26,20426.350000000000000000000
2024-06-27,50378.200000000000000000000
2024-06-28,624.050000000000000000000
2024-07-01,18665.000000000000000000000
2024-07-02,-12184.400000000000000000000
2024-07-03,71916.850000000000000000000
2024-07-04,137831.900000000000000000000
2024-07-05,42013.400000000000000000000
2024-07-08,19740.650000000000000000000
2024-07-09,-17510.200000000000000000000
2024-07-10,-1431.800000000000000000000
2024-07-11,59536.900000000000000000000
2024-07-12,-9480.000000000000000000000
2024-07-15,-21062.600000000000000000000
2024-07-16,-6648.950000000000000000000
2024-07-18,-53441.450000000000000000000
2024-07-19,-16222.000000000000000000000
2024-07-22,43753.000000000000000000000
2024-07-23,-47417.250000000000000000000
2024-07-24,13587.950000000000000000000
2024-07-25,-48165.100000000000000000000
2024-07-26,174.400000000000000000000
2024-07-29,90943.000000000000000000000
2024-07-30,13142.800000000000000000000
2024-07-31,-17041.850000000000000000000
2024-08-01,-38769.350000000000000000000
2024-08-02,-14333.850000000000000000000
2024-08-05,-88406.200000000000000000000
2024-08-06,-35431.250000000000000000000
2024-08-07,44100.050000000000000000000
2024-08-08,-8445.650000000000000000000
2024-08-09,12951.300000000000000000000
2024-08-12,9401.650000000000000000000
2024-08-13,-34052.000000000000000000000
2024-08-14,17775.550000000000000000000
2024-08-16,1342.000000000000000000000
2024-08-19,-38214.100000000000000000000
2024-08-20,-58386.100000000000000000000
2024-08-21,37535.200000000000000000000
2024-08-22,13407.750000000000000000000
2024-08-23,-12362.250000000000000000000
2024-08-26,-590.000000000000000000000
2024-08-27,4012.100000000000000000000
2024-08-28,-3031.850000000000000000000
2024-08-29,-15161.000000000000000000000
2024-08-30,-15857.300000000000000000000
2024-09-02,4714.850000000000000000000
2024-09-03,24115.271600000000000000000
2024-09-04,574.550000000000000000000
2024-09-05,-12860.100000000000000000000
2024-09-06,-22893.600000000000000000000
2024-09-09,-18276.200000000000000000000
2024-09-10,-2193.150000000000000000000
2024-09-11,-9564.200000000000000000000
2024-09-12,20483.350000000000000000000
2024-09-13,16909.600000000000000000000
2024-09-16,-26506.150000000000000000000
2024-09-17,-14498.000000000000000000000
2024-09-18,-16914.945200000000000000000
2024-09-19,-7763.650000000000000000000
2024-09-20,21838.546900000000000000000
2024-09-23,19497.700000000000000000000
2024-09-24,-1132.105900000000000000000
2024-09-25,-24818.750000000000000000000
2024-09-26,-37243.400000000000000000000
2024-09-27,14886.250000000000000000000
2024-09-30,10241.950000000000000000000
2024-10-01,-9716.050000000000000000000
2024-10-03,-41001.050000000000000000000
2024-10-04,-8519.500000000000000000000
2024-10-07,-66989.850000000000000000000
2024-10-08,59503.600000000000000000000
2024-10-09,7286.750000000000000000000
2024-10-10,3354.450000000000000000000
2024-10-11,-2208.300000000000000000000
2024-10-14,10379.951150000000000000000
2024-10-15,-5403.801550000000000000000
2024-10-16,-31330.150000000000000000000
2024-10-17,-11327.155700000000000000000
2024-10-18,-9410.300000000000000000000
2024-10-21,-24520.800000000000000000000
2024-10-22,-43115.465970000000000000000
2024-10-23,13084.640000000000000000000
2024-10-24,-1443.520000000000000000000
2024-10-25,-44726.320000000000000000000
2024-10-28,-544.945600000000000000000
2024-10-29,20073.924000000000000000000
2024-10-30,-17767.800000000000000000000
2024-10-31,-1812.180000000000000000000
2024-11-04,-1790.520000000000000000000
2024-11-05,-1278.960000000000000000000
2024-11-06,45740.040000000000000000000
2024-11-07,-21446.490000000000000000000
2024-11-08,-23798.291800000000000000000
2024-11-11,-4529.010000000000000000000
2024-11-12,-23635.040180000000000000000
2024-11-13,-35304.330000000000000000000
2024-11-14,-9408.270000000000000000000
2024-11-18,-4423.442000000000000000000
2024-11-19,6432.449120000000000000000
2024-11-21,0E-21
2024-11-22,0E-21
2024-11-25,0E-21
2024-11-26,-8951.707020000000000000000
2024-11-27,20719.930000000000000000000
2024-11-28,12517.600000000000000000000
2024-11-29,1178.870000000000000000000
2024-12-02,39060.250000000000000000000
2024-12-03,3273.270000000000000000000
2024-12-04,11813.360000000000000000000
2024-12-05,7240.820000000000000000000
2024-12-06,20879.820000000000000000000
2024-12-09,707.360000000000000000000
2024-12-10,-13317.410000000000000000000
2024-12-11,7984.080000000000000000000
2024-12-12,10861.620000000000000000000
2024-12-13,-7375.890000000000000000000
2024-12-16,21482.240000000000000000000
2024-12-17,1173.430000000000000000000
2024-12-18,-8383.630000000000000000000
2024-12-19,-8841.620000000000000000000
2024-12-20,-35199.820000000000000000000
2024-12-23,6388.535600000000000000000
2024-12-24,0E-21
2024-12-26,0E-21
2024-12-27,0E-21
2024-12-30,0E-21
2024-12-31,0E-21
